{
    "accuracy": 0.8159509202453987,
    "precision": 0.8134103112448,
    "recall": 0.8159509202453987,
    "f1_score": 0.8132084294382679
}