{
    "accuracy": 0.8098159509202454,
    "precision": 0.8175617166172543,
    "recall": 0.8098159509202454,
    "f1_score": 0.8088240132076913
}