{
    "accuracy": 0.7423312883435583,
    "precision": 0.7382985202616656,
    "recall": 0.7423312883435583,
    "f1_score": 0.7379078735104858
}